"channel","gmv","order_count","total_users","conversion_rate","arpu"
ads,506223.54,5078,19811,0.2563222452173035,25.552649538135377
seo,265924.53,2628,10073,0.2608954631192296,26.39973493497469
direct,186774.08000000002,1890,7621,0.24799895026899357,24.507817871670387
social,168062.92,1657,7439,0.22274499260653313,22.5921387283237
referral,137896.08,1406,5056,0.27808544303797467,27.273749999999996
