"metric","value"
Users,45049.0
GMV,1281489.6
Conversion,0.24884015183466893
ARPU,28.446571511021336
